Unnamed: 0,soc_code,task_id,task,task_type,title,human_exposure,gpt4_exposure,gpt4_alt_exposure,gpt_3_relevant,gpt4_automation,alpha,beta,gamma,automation,human_labels,SOC-2digit,SOC Title
1226,13-1011.00,12865.0,"Collect fees, commissions, or other payments, according to contract terms.",Core,"Agents and Business Managers of Artists, Performers, and Athletes",E0,E1,E0,True,T3,1.0,1.0,1.0,0.75,E0,13,Business and Financial Operations Occupations
1227,13-1011.00,21163.0,"Send samples of clients' work and other promotional material to potential employers to obtain auditions, sponsorships, or endorsement deals.",Core,"Agents and Business Managers of Artists, Performers, and Athletes",E0,E1,E2,False,T3,1.0,1.0,1.0,0.75,E0,13,Business and Financial Operations Occupations
1231,13-1011.00,12866.0,"Confer with clients to develop strategies for their careers, and to explain actions taken on their behalf.",Core,"Agents and Business Managers of Artists, Performers, and Athletes",E1,E2,E0,False,T1,0.0,0.5,1.0,0.25,E1,13,Business and Financial Operations Occupations
1234,13-1011.00,12873.0,Arrange meetings concerning issues involving their clients.,Core,"Agents and Business Managers of Artists, Performers, and Athletes",E1,E2,E0,False,T2,0.0,0.5,1.0,0.5,E1,13,Business and Financial Operations Occupations
1235,13-1011.00,12871.0,"Manage business and financial affairs for clients, such as arranging travel and lodging, selling tickets, and directing marketing and advertising activities.",Supplemental,"Agents and Business Managers of Artists, Performers, and Athletes",E1,E2,E2,False,T2,0.0,0.5,1.0,0.5,E1,13,Business and Financial Operations Occupations
1237,13-1011.00,12874.0,Prepare periodic accounting statements for clients.,Supplemental,"Agents and Business Managers of Artists, Performers, and Athletes",E1,E2,E0,True,T3,0.0,0.5,1.0,0.75,E1,13,Business and Financial Operations Occupations
1239,13-1011.00,12875.0,"Advise clients on financial and legal matters, such as investments and taxes.",Supplemental,"Agents and Business Managers of Artists, Performers, and Athletes",E1,E2,E1,True,T2,0.0,0.5,1.0,0.5,E1,13,Business and Financial Operations Occupations
1250,13-1021.00,12886.0,Calculate applicable government grain quotas.,Supplemental,"Buyers and Purchasing Agents, Farm Products",E0,E1,E2,False,T3,1.0,1.0,1.0,0.75,E0,13,Business and Financial Operations Occupations
1251,13-1021.00,12888.0,"Estimate land production possibilities, surveying property and studying factors such as crop rotation history, soil fertility, or irrigation facilities.",Supplemental,"Buyers and Purchasing Agents, Farm Products",E1,E2,E0,True,T1,0.0,0.5,1.0,0.25,E1,13,Business and Financial Operations Occupations
1263,13-1022.00,77.0,"Provide clerks with information to print on price tags, such as price, mark-ups or mark-downs, manufacturer number, season code, or style number.",Supplemental,"Wholesale and Retail Buyers, Except Farm Products",E2,E1,E1,False,T3,1.0,1.0,1.0,0.75,E2,13,Business and Financial Operations Occupations
1267,13-1022.00,19547.0,Analyze environmental aspects of competing merchandise when making buying decisions.,Supplemental,"Wholesale and Retail Buyers, Except Farm Products",E1,E2,E2,True,T2,0.0,0.5,1.0,0.5,E1,13,Business and Financial Operations Occupations
1268,13-1022.00,19548.0,Compare transportation options to determine the most energy-efficient options.,Supplemental,"Wholesale and Retail Buyers, Except Farm Products",E1,E2,E2,False,T3,0.0,0.5,1.0,0.75,E1,13,Business and Financial Operations Occupations
1269,13-1022.00,19549.0,Develop strategies to advertise green products or merchandise to consumers.,Supplemental,"Wholesale and Retail Buyers, Except Farm Products",E1,E2,E1,False,T2,0.0,0.5,1.0,0.5,E1,13,Business and Financial Operations Occupations
1272,13-1023.00,1146.0,Monitor and follow applicable laws and regulations.,Core,"Purchasing Agents, Except Wholesale, Retail, and Farm Products",E1,E2,E2,False,T2,0.0,0.5,1.0,0.5,E1,13,Business and Financial Operations Occupations
1277,13-1023.00,1159.0,Formulate policies and procedures for bid proposals and procurement of goods and services.,Core,"Purchasing Agents, Except Wholesale, Retail, and Farm Products",E1,E2,E2,False,T2,0.0,0.5,1.0,0.5,E1,13,Business and Financial Operations Occupations
1279,13-1023.00,1151.0,"Maintain and review computerized or manual records of purchased items, costs, deliveries, product performance, and inventories.",Core,"Purchasing Agents, Except Wholesale, Retail, and Farm Products",E1,E2,E1,True,T3,0.0,0.5,1.0,0.75,E1,13,Business and Financial Operations Occupations
1285,13-1023.00,1157.0,"Write and review product specifications, maintaining a working technical knowledge of the goods or services to be purchased.",Core,"Purchasing Agents, Except Wholesale, Retail, and Farm Products",E2,E1,E2,False,T2,1.0,1.0,1.0,0.5,E2,13,Business and Financial Operations Occupations
1291,13-1031.00,21417.0,Examine claims forms and other records to determine insurance coverage.,Core,"Claims Adjusters, Examiners, and Investigators",E1,E2,E2,False,T3,0.0,0.5,1.0,0.75,E1,13,Business and Financial Operations Occupations
1292,13-1031.00,21418.0,Analyze information gathered by investigation and report findings and recommendations.,Core,"Claims Adjusters, Examiners, and Investigators",E1,E2,E2,True,T2,0.0,0.5,1.0,0.5,E1,13,Business and Financial Operations Occupations
1300,13-1031.00,21429.0,"Enter claim payments, reserves and new claims on computer system, inputting concise yet sufficient file documentation.",Core,"Claims Adjusters, Examiners, and Investigators",E1,E1,E1,True,T3,1.0,1.0,1.0,0.75,E1,13,Business and Financial Operations Occupations
1302,13-1031.00,21424.0,Adjust reserves or provide reserve recommendations to ensure that reserve activities are consistent with corporate policies.,Core,"Claims Adjusters, Examiners, and Investigators",E1,E2,E2,False,T3,0.0,0.5,1.0,0.75,E1,13,Business and Financial Operations Occupations
1314,13-1031.00,21440.0,Communicate with reinsurance brokers to obtain information necessary for processing claims.,Supplemental,"Claims Adjusters, Examiners, and Investigators",E0,E1,E1,False,T2,1.0,1.0,1.0,0.5,E0,13,Business and Financial Operations Occupations
1315,13-1031.00,21441.0,Prepare reports to be submitted to company's data processing department.,Supplemental,"Claims Adjusters, Examiners, and Investigators",E1,E1,E1,True,T3,1.0,1.0,1.0,0.75,E1,13,Business and Financial Operations Occupations
1323,13-1032.00,7251.0,Prepare insurance forms to indicate repair cost estimates and recommendations.,Core,"Insurance Appraisers, Auto Damage",E1,E2,E1,True,T3,0.0,0.5,1.0,0.75,E1,13,Business and Financial Operations Occupations
1327,13-1041.00,21446.0,Warn violators of infractions or penalties.,Core,Compliance Officers,E1,E1,E0,False,T1,1.0,1.0,1.0,0.25,E1,13,Business and Financial Operations Occupations
1329,13-1041.00,21448.0,"Advise licensees or other individuals or groups concerning licensing, permit, or passport regulations.",Core,Compliance Officers,E1,E1,E2,False,T2,1.0,1.0,1.0,0.5,E1,13,Business and Financial Operations Occupations
1330,13-1041.00,21449.0,"Prepare reports of activities, evaluations, recommendations, or decisions.",Core,Compliance Officers,E1,E1,E1,False,T3,1.0,1.0,1.0,0.75,E1,13,Business and Financial Operations Occupations
1331,13-1041.00,21450.0,Report law or regulation violations to appropriate boards or agencies.,Core,Compliance Officers,E2,E1,E0,False,T3,1.0,1.0,1.0,0.75,E2,13,Business and Financial Operations Occupations
1337,13-1041.00,21456.0,Score tests and observe equipment operation and control to rate ability of applicants.,Supplemental,Compliance Officers,E2,E1,E0,False,T1,1.0,1.0,1.0,0.25,E2,13,Business and Financial Operations Occupations
1338,13-1041.00,21457.0,Prepare correspondence to inform concerned parties of licensing decisions or appeals processes.,Supplemental,Compliance Officers,E1,E1,E1,True,T3,1.0,1.0,1.0,0.75,E1,13,Business and Financial Operations Occupations
1339,13-1041.00,21458.0,Identify compliance issues that require follow-up or investigation.,,Compliance Officers,E1,E2,E2,False,T2,0.0,0.5,1.0,0.5,E1,13,Business and Financial Operations Occupations
1341,13-1041.00,21460.0,Provide assistance to internal or external auditors in compliance reviews.,,Compliance Officers,E1,E2,E2,False,T2,0.0,0.5,1.0,0.5,E1,13,Business and Financial Operations Occupations
1342,13-1041.00,21461.0,"Verify that all firm and regulatory policies and procedures have been documented, implemented, and communicated.",,Compliance Officers,E1,E2,E2,False,T2,0.0,0.5,1.0,0.5,E1,13,Business and Financial Operations Occupations
1344,13-1041.01,10831.0,"Prepare, organize, and maintain inspection records.",Core,Environmental Compliance Inspectors,E1,E1,E1,True,T3,1.0,1.0,1.0,0.75,E1,13,Business and Financial Operations Occupations
1348,13-1041.01,10837.0,"Inform individuals and groups of pollution control regulations and inspection findings, and explain how problems can be corrected.",Core,Environmental Compliance Inspectors,E1,E2,E1,False,T1,0.0,0.5,1.0,0.25,E1,13,Business and Financial Operations Occupations
1350,13-1041.01,10843.0,"Learn and observe proper safety precautions, rules, regulations, and practices so that unsafe conditions can be recognized and proper safety protocols implemented.",Core,Environmental Compliance Inspectors,E1,E0,E0,False,T1,0.0,0.0,0.0,0.25,E1,13,Business and Financial Operations Occupations
1353,13-1041.01,10833.0,"Prepare written, oral, tabular, and graphic reports summarizing requirements and regulations, including enforcement and chain of custody documentation.",Core,Environmental Compliance Inspectors,E1,E1,E1,False,T3,1.0,1.0,1.0,0.75,E1,13,Business and Financial Operations Occupations
1360,13-1041.01,10844.0,Evaluate label information for accuracy and conformance to regulatory requirements.,Supplemental,Environmental Compliance Inspectors,E1,E1,E2,False,T3,1.0,1.0,1.0,0.75,E1,13,Business and Financial Operations Occupations
1361,13-1041.01,10853.0,"Respond to questions and inquiries, such as those concerning service charges and capacity fees, or refer them to supervisors.",Supplemental,Environmental Compliance Inspectors,E1,E1,E1,False,T3,1.0,1.0,1.0,0.75,E1,13,Business and Financial Operations Occupations
1364,13-1041.01,10845.0,"Inform health professionals, property owners, and the public about harmful properties and related problems of water pollution and contaminated wastewater.",Supplemental,Environmental Compliance Inspectors,E1,E2,E1,False,T2,0.0,0.5,1.0,0.5,E1,13,Business and Financial Operations Occupations
1366,13-1041.01,10852.0,Conduct research on hazardous waste management projects to determine the magnitude of problems and treatment or disposal alternatives and costs.,Supplemental,Environmental Compliance Inspectors,E1,E2,E2,False,T2,0.0,0.5,1.0,0.5,E1,13,Business and Financial Operations Occupations
1368,13-1041.01,20473.0,Prepare data to calculate sewer service charges and capacity fees.,Supplemental,Environmental Compliance Inspectors,E2,E1,E2,True,T3,1.0,1.0,1.0,0.75,E2,13,Business and Financial Operations Occupations
1370,13-1041.03,20719.0,Prepare reports related to investigations of equal opportunity complaints.,Core,Equal Opportunity Representatives and Officers,E1,E1,E1,False,T3,1.0,1.0,1.0,0.75,E1,13,Business and Financial Operations Occupations
1372,13-1041.03,10867.0,Study equal opportunity complaints to clarify issues.,Core,Equal Opportunity Representatives and Officers,E1,E1,E2,False,T2,1.0,1.0,1.0,0.5,E1,13,Business and Financial Operations Occupations
1373,13-1041.03,10866.0,Interpret civil rights laws and equal opportunity regulations for individuals or employers.,Core,Equal Opportunity Representatives and Officers,E1,E1,E2,True,T2,1.0,1.0,1.0,0.5,E1,13,Business and Financial Operations Occupations
1375,13-1041.03,20722.0,Develop guidelines for nondiscriminatory employment practices.,Core,Equal Opportunity Representatives and Officers,E1,E1,E2,True,T2,1.0,1.0,1.0,0.5,E1,13,Business and Financial Operations Occupations
1378,13-1041.03,10875.0,"Provide information, technical assistance, or training to supervisors, managers, or employees on topics such as employee supervision, hiring, grievance procedures, or staff development.",Core,Equal Opportunity Representatives and Officers,E1,E2,E2,False,T1,0.0,0.5,1.0,0.25,E1,13,Business and Financial Operations Occupations
1380,13-1041.03,10870.0,"Prepare reports of selection, survey, or other statistics and recommendations for corrective action.",Supplemental,Equal Opportunity Representatives and Officers,E1,E1,E2,True,T3,1.0,1.0,1.0,0.75,E1,13,Business and Financial Operations Occupations
1383,13-1041.03,10874.0,"Counsel newly hired members of minority or disadvantaged groups, informing them about details of civil rights laws.",Supplemental,Equal Opportunity Representatives and Officers,E2,E1,E2,False,T1,1.0,1.0,1.0,0.25,E2,13,Business and Financial Operations Occupations
1385,13-1041.03,10876.0,Verify that all job descriptions are submitted for review and approval and that descriptions meet regulatory standards.,Supplemental,Equal Opportunity Representatives and Officers,E2,E1,E2,False,T3,1.0,1.0,1.0,0.75,E2,13,Business and Financial Operations Occupations
1386,13-1041.03,10878.0,Consult with community representatives to develop technical assistance agreements in accordance with governmental regulations.,Supplemental,Equal Opportunity Representatives and Officers,E2,E1,E0,False,T1,1.0,1.0,1.0,0.25,E2,13,Business and Financial Operations Occupations
1388,13-1041.04,12890.0,"Prepare correspondence, reports of inspections or investigations, or recommendations for action.",Core,Government Property Inspectors and Investigators,E1,E1,E1,True,T3,1.0,1.0,1.0,0.75,E1,13,Business and Financial Operations Occupations
1397,13-1041.04,12899.0,Recommend legal or administrative action to protect government property.,Supplemental,Government Property Inspectors and Investigators,E1,E2,E0,False,T1,0.0,0.5,1.0,0.25,E1,13,Business and Financial Operations Occupations
1404,13-1041.06,8915.0,"Complete death certificates, including the assignment of cause and manner of death.",Core,Coroners,E1,E2,E0,False,T2,0.0,0.5,1.0,0.5,E1,13,Business and Financial Operations Occupations
1405,13-1041.06,8917.0,Collect and document any pertinent medical history information.,Core,Coroners,E1,E2,E2,False,T2,0.0,0.5,1.0,0.5,E1,13,Business and Financial Operations Occupations
1406,13-1041.06,8928.0,Arrange for the next of kin to be notified of deaths.,Core,Coroners,E1,E2,E0,False,T1,0.0,0.5,1.0,0.25,E1,13,Business and Financial Operations Occupations
1407,13-1041.06,8919.0,Complete reports and forms required to finalize cases.,Core,Coroners,E1,E1,E1,True,T3,1.0,1.0,1.0,0.75,E1,13,Business and Financial Operations Occupations
1408,13-1041.06,8918.0,"Observe, record, and preserve any objects or personal property related to deaths, including objects such as medication containers and suicide notes.",Core,Coroners,E1,E2,E0,False,T1,0.0,0.5,1.0,0.25,E1,13,Business and Financial Operations Occupations
1410,13-1041.06,8916.0,Observe and record the positions and conditions of bodies and related evidence.,Core,Coroners,E1,E2,E0,True,T1,0.0,0.5,1.0,0.25,E1,13,Business and Financial Operations Occupations
1412,13-1041.06,8924.0,"Locate and document information regarding the next of kin, including their relationship to the deceased and the status of notification attempts.",Core,Coroners,E2,E1,E2,False,T2,1.0,1.0,1.0,0.5,E2,13,Business and Financial Operations Occupations
1420,13-1041.06,8929.0,"Record the disposition of minor children, as well as details of arrangements made for their care.",Supplemental,Coroners,E2,E1,E1,False,T1,1.0,1.0,1.0,0.25,E2,13,Business and Financial Operations Occupations
1423,13-1041.07,18045.0,"Communicate with regulatory agencies regarding pre-submission strategies, potential regulatory pathways, compliance test requirements, or clarification and follow-up of submissions under review.",Core,Regulatory Affairs Specialists,E1,E2,E2,False,T1,0.0,0.5,1.0,0.25,E1,13,Business and Financial Operations Occupations
1426,13-1041.07,18062.0,Prepare or maintain technical files as necessary to obtain and sustain product approval.,Core,Regulatory Affairs Specialists,E1,E2,E2,True,T2,0.0,0.5,1.0,0.5,E1,13,Business and Financial Operations Occupations
1427,13-1041.07,18049.0,Interpret regulatory rules or rule changes and ensure that they are communicated through corporate policies and procedures.,Core,Regulatory Affairs Specialists,E1,E2,E2,False,T2,0.0,0.5,1.0,0.5,E1,13,Business and Financial Operations Occupations
1428,13-1041.07,18055.0,Determine the types of regulatory submissions or internal documentation that are required in situations such as proposed device changes or labeling changes.,Core,Regulatory Affairs Specialists,E1,E2,E2,False,T2,0.0,0.5,1.0,0.5,E1,13,Business and Financial Operations Occupations
1430,13-1041.07,18052.0,"Advise project teams on subjects such as premarket regulatory requirements, export and labeling requirements, or clinical study compliance issues.",Core,Regulatory Affairs Specialists,E1,E2,E2,False,T2,0.0,0.5,1.0,0.5,E1,13,Business and Financial Operations Occupations
1432,13-1041.07,18051.0,"Review product promotional materials, labeling, batch records, specification sheets, or test methods for compliance with applicable regulations and policies.",Core,Regulatory Affairs Specialists,E1,E2,E2,False,T3,0.0,0.5,1.0,0.75,E1,13,Business and Financial Operations Occupations
1433,13-1041.07,21094.0,"Identify relevant guidance documents, international standards, or consensus standards.",Core,Regulatory Affairs Specialists,E1,E2,E2,False,T3,0.0,0.5,1.0,0.75,E1,13,Business and Financial Operations Occupations
1434,13-1041.07,18050.0,"Provide technical review of data or reports to be incorporated into regulatory submissions to assure scientific rigor, accuracy, and clarity of presentation.",Core,Regulatory Affairs Specialists,E2,E1,E2,True,T2,1.0,1.0,1.0,0.5,E2,13,Business and Financial Operations Occupations
1435,13-1041.07,18065.0,Review clinical protocols to ensure collection of data needed for regulatory submissions.,Core,Regulatory Affairs Specialists,E1,E2,E2,False,T2,0.0,0.5,1.0,0.5,E1,13,Business and Financial Operations Occupations
1438,13-1041.07,18063.0,Recommend changes to company procedures in response to changes in regulations or standards.,Core,Regulatory Affairs Specialists,E1,E2,E2,False,T2,0.0,0.5,1.0,0.5,E1,13,Business and Financial Operations Occupations
1440,13-1041.07,18053.0,Compile and maintain regulatory documentation databases or systems.,Core,Regulatory Affairs Specialists,E1,E2,E2,True,T3,0.0,0.5,1.0,0.75,E1,13,Business and Financial Operations Occupations
1441,13-1041.07,18066.0,"Write or update standard operating procedures, work instructions, or policies.",Core,Regulatory Affairs Specialists,E1,E1,E1,False,T3,1.0,1.0,1.0,0.75,E1,13,Business and Financial Operations Occupations
1448,13-1041.07,18064.0,"Prepare responses to customer requests for information, such as product data, written regulatory affairs statements, surveys, or questionnaires.",Supplemental,Regulatory Affairs Specialists,E1,E1,E1,True,T3,1.0,1.0,1.0,0.75,E1,13,Business and Financial Operations Occupations
1452,13-1041.07,19556.0,Obtain clearances for the use of recycled plastics in product packaging.,Supplemental,Regulatory Affairs Specialists,E1,E2,E2,False,T2,0.0,0.5,1.0,0.5,E1,13,Business and Financial Operations Occupations
1454,13-1041.08,15945.0,"Prepare and process import and export documentation according to customs regulations, laws, or procedures.",Core,Customs Brokers,E2,E1,E2,False,T3,1.0,1.0,1.0,0.75,E2,13,Business and Financial Operations Occupations
1457,13-1041.08,15942.0,Calculate duty and tariff payments owed on shipments.,Core,Customs Brokers,E2,E1,E2,True,T3,1.0,1.0,1.0,0.75,E2,13,Business and Financial Operations Occupations
1459,13-1041.08,15941.0,Classify goods according to tariff coding system.,Core,Customs Brokers,E2,E1,E2,False,T3,1.0,1.0,1.0,0.75,E2,13,Business and Financial Operations Occupations
1461,13-1041.08,15924.0,"Sign documents on behalf of clients, using powers of attorney.",Core,Customs Brokers,E0,E1,E0,False,T3,1.0,1.0,1.0,0.75,E0,13,Business and Financial Operations Occupations
1462,13-1041.08,15944.0,"Advise customers on import and export restrictions, tariff systems, insurance requirements, quotas, or other customs-related matters.",Core,Customs Brokers,E1,E2,E2,False,T2,0.0,0.5,1.0,0.5,E1,13,Business and Financial Operations Occupations
1464,13-1041.08,15934.0,"Quote duty and tax rates on goods to be imported, based on federal tariffs and excise taxes.",Core,Customs Brokers,E2,E1,E2,False,T3,1.0,1.0,1.0,0.75,E2,13,Business and Financial Operations Occupations
1467,13-1041.08,15940.0,Confer with officials in various agencies to facilitate clearance of goods through customs and quarantine.,Core,Customs Brokers,E1,E2,E0,False,T1,0.0,0.5,1.0,0.25,E1,13,Business and Financial Operations Occupations
1468,13-1041.08,15939.0,Inform importers and exporters of steps to reduce duties and taxes.,Core,Customs Brokers,E1,E2,E2,False,T3,0.0,0.5,1.0,0.75,E1,13,Business and Financial Operations Occupations
1469,13-1041.08,15928.0,"Obtain line releases for frequent shippers of low-risk commodities, high-volume entries, or multiple-container loads.",Core,Customs Brokers,E1,E2,E2,False,T3,0.0,0.5,1.0,0.75,E1,13,Business and Financial Operations Occupations
1470,13-1041.08,15925.0,"Provide advice on transportation options, types of carriers, or shipping routes.",Core,Customs Brokers,E1,E2,E2,False,T2,0.0,0.5,1.0,0.5,E1,13,Business and Financial Operations Occupations
1472,13-1041.08,15943.0,Apply for tariff concessions or for duty drawbacks and other refunds.,Core,Customs Brokers,E1,E2,E2,True,T3,0.0,0.5,1.0,0.75,E1,13,Business and Financial Operations Occupations
1474,13-1041.08,15935.0,Prepare papers for shippers to appeal duty charges.,Core,Customs Brokers,E1,E1,E1,False,T3,1.0,1.0,1.0,0.75,E1,13,Business and Financial Operations Occupations
1485,13-1051.00,90.0,"Establish and maintain tendering process, and conduct negotiations.",Core,Cost Estimators,E1,E2,E1,False,T2,0.0,0.5,1.0,0.5,E1,13,Business and Financial Operations Occupations
1486,13-1051.00,88.0,"Prepare and maintain a directory of suppliers, contractors and subcontractors.",Core,Cost Estimators,E1,E2,E2,False,T3,0.0,0.5,1.0,0.75,E1,13,Business and Financial Operations Occupations
1491,13-1071.00,18861.0,"Interpret and explain human resources policies, procedures, laws, standards, or regulations.",Core,Human Resources Specialists,E1,E1,E2,False,T3,1.0,1.0,1.0,0.75,E1,13,Business and Financial Operations Occupations
1493,13-1071.00,18864.0,"Maintain current knowledge of Equal Employment Opportunity (EEO) and affirmative action guidelines and laws, such as the Americans with Disabilities Act (ADA).",Core,Human Resources Specialists,E2,E1,E2,False,T2,1.0,1.0,1.0,0.5,E2,13,Business and Financial Operations Occupations
1494,13-1071.00,18866.0,"Prepare or maintain employment records related to events, such as hiring, termination, leaves, transfers, or promotions, using human resources management system software.",Core,Human Resources Specialists,E1,E1,E1,False,T3,1.0,1.0,1.0,0.75,E1,13,Business and Financial Operations Occupations
1497,13-1071.00,18860.0,"Inform job applicants of details such as duties and responsibilities, compensation, benefits, schedules, working conditions, or promotion opportunities.",Core,Human Resources Specialists,E0,E1,E1,True,T3,1.0,1.0,1.0,0.75,E0,13,Business and Financial Operations Occupations
1499,13-1071.00,18870.0,Schedule or conduct new employee orientations.,Core,Human Resources Specialists,E1,E2,E0,False,T2,0.0,0.5,1.0,0.5,E1,13,Business and Financial Operations Occupations
1500,13-1071.00,18863.0,"Maintain and update human resources documents, such as organizational charts, employee handbooks or directories, or performance evaluation forms.",Core,Human Resources Specialists,E1,E1,E1,False,T3,1.0,1.0,1.0,0.75,E1,13,Business and Financial Operations Occupations
1502,13-1071.00,18857.0,Contact job applicants to inform them of the status of their applications.,Core,Human Resources Specialists,E1,E1,E1,True,T3,1.0,1.0,1.0,0.75,E1,13,Business and Financial Operations Occupations
1503,13-1071.00,18854.0,Conduct exit interviews and ensure that necessary employment termination paperwork is completed.,Core,Human Resources Specialists,E0,E1,E1,False,T3,1.0,1.0,1.0,0.75,E0,13,Business and Financial Operations Occupations
1506,13-1071.00,18867.0,"Provide management with information or training related to interviewing, performance appraisals, counseling techniques, or documentation of performance issues.",Core,Human Resources Specialists,E1,E2,E2,False,T2,0.0,0.5,1.0,0.5,E1,13,Business and Financial Operations Occupations
1507,13-1071.00,18853.0,Analyze employment-related data and prepare required reports.,Core,Human Resources Specialists,E1,E2,E2,True,T3,0.0,0.5,1.0,0.75,E1,13,Business and Financial Operations Occupations
1509,13-1071.00,18858.0,Develop or implement recruiting strategies to meet current or anticipated staffing needs.,Core,Human Resources Specialists,E1,E2,E2,False,T2,0.0,0.5,1.0,0.5,E1,13,Business and Financial Operations Occupations
1510,13-1071.00,21097.0,Administer employee benefit plans.,Supplemental,Human Resources Specialists,E1,E2,E2,False,T3,0.0,0.5,1.0,0.75,E1,13,Business and Financial Operations Occupations
1513,13-1071.00,18876.0,"Review and evaluate applicant qualifications or eligibility for specified licensing, according to established guidelines and designated licensing codes.",Supplemental,Human Resources Specialists,E2,E1,E0,False,T3,1.0,1.0,1.0,0.75,E2,13,Business and Financial Operations Occupations
1528,13-1075.00,18895.0,"Write letters related to labor relations activities, such as letters to amend collective bargaining agreements, letters of dispute or conciliation, or letters to seek clarification of contract terms.",Core,Labor Relations Specialists,E2,E1,E1,True,T3,1.0,1.0,1.0,0.75,E2,13,Business and Financial Operations Occupations
1529,13-1075.00,18879.0,Draft contract proposals or counter-proposals for collective bargaining or other labor negotiations.,Core,Labor Relations Specialists,E2,E1,E1,True,T3,1.0,1.0,1.0,0.75,E2,13,Business and Financial Operations Occupations
1531,13-1075.00,18882.0,Interpret contractual agreements for employers and employees engaged in collective bargaining or other labor relations processes.,Core,Labor Relations Specialists,E2,E1,E2,True,T2,1.0,1.0,1.0,0.5,E2,13,Business and Financial Operations Occupations
1543,13-1075.00,18880.0,"Draft rules or regulations to govern collective bargaining activities in collaboration with company, government, or employee representatives.",Core,Labor Relations Specialists,E2,E1,E2,True,T2,1.0,1.0,1.0,0.5,E2,13,Business and Financial Operations Occupations
1547,13-1075.00,18899.0,"Develop methods to monitor employee satisfaction with policies or working conditions, including grievance or complaint procedures.",Core,Labor Relations Specialists,E1,E2,E2,False,T2,0.0,0.5,1.0,0.5,E1,13,Business and Financial Operations Occupations
1549,13-1075.00,18894.0,Schedule or coordinate the details of grievance hearings or other meetings.,Core,Labor Relations Specialists,E1,E2,E1,False,T3,0.0,0.5,1.0,0.75,E1,13,Business and Financial Operations Occupations
1550,13-1075.00,18887.0,"Prepare and submit required governmental reports or forms related to labor relations matters, such as equal employment opportunity (EEO) forms, new hire forms, or minority compensation reports.",Supplemental,Labor Relations Specialists,E1,E1,E1,False,T3,1.0,1.0,1.0,0.75,E1,13,Business and Financial Operations Occupations
1552,13-1075.00,18898.0,Develop employee health and safety policies.,Supplemental,Labor Relations Specialists,E1,E2,E2,False,T2,0.0,0.5,1.0,0.5,E1,13,Business and Financial Operations Occupations
1556,13-1081.00,8943.0,Develop proposals that include documentation for estimates.,Core,Logisticians,E1,E2,E2,False,T2,0.0,0.5,1.0,0.5,E1,13,Business and Financial Operations Occupations
1560,13-1081.00,8942.0,"Explain proposed solutions to customers, management, or other interested parties through written proposals and oral presentations.",Core,Logisticians,E1,E2,E1,False,T2,0.0,0.5,1.0,0.5,E1,13,Business and Financial Operations Occupations
1564,13-1081.00,8940.0,"Report project plans, progress, and results.",Core,Logisticians,E2,E1,E1,False,T3,1.0,1.0,1.0,0.75,E2,13,Business and Financial Operations Occupations
1568,13-1081.00,8945.0,"Provide project management services, including the provision and analysis of technical data.",Core,Logisticians,E1,E2,E2,False,T2,0.0,0.5,1.0,0.5,E1,13,Business and Financial Operations Occupations
1574,13-1081.00,8947.0,Support the development of training materials and technical manuals.,Core,Logisticians,E1,E1,E2,False,T2,1.0,1.0,1.0,0.5,E1,13,Business and Financial Operations Occupations
1575,13-1081.01,15861.0,Propose logistics solutions for customers.,Core,Logistics Engineers,E1,E2,E2,False,T2,0.0,0.5,1.0,0.5,E1,13,Business and Financial Operations Occupations
1579,13-1081.01,15867.0,"Review contractual commitments, customer specifications, or related information to determine logistics or support requirements.",Core,Logistics Engineers,E1,E2,E2,False,T2,0.0,0.5,1.0,0.5,E1,13,Business and Financial Operations Occupations
1581,13-1081.01,19999.0,Prepare logistic strategies or conceptual designs for production facilities.,Core,Logistics Engineers,E1,E2,E2,False,T2,0.0,0.5,1.0,0.5,E1,13,Business and Financial Operations Occupations
1582,13-1081.01,15877.0,"Provide logistics technology or information for effective and efficient support of product, equipment, or system manufacturing or service.",Core,Logistics Engineers,E1,E2,E2,True,T2,0.0,0.5,1.0,0.5,E1,13,Business and Financial Operations Occupations
1583,13-1081.01,15872.0,"Develop or maintain cost estimates, forecasts, or cost models.",Core,Logistics Engineers,E1,E2,E2,False,T3,0.0,0.5,1.0,0.75,E1,13,Business and Financial Operations Occupations
1585,13-1081.01,15874.0,"Determine logistics support requirements, such as facility details, staffing needs, or safety or maintenance plans.",Core,Logistics Engineers,E1,E2,E2,False,T2,0.0,0.5,1.0,0.5,E1,13,Business and Financial Operations Occupations
1589,13-1081.01,15870.0,Identify or develop business rules or standard operating procedures to streamline operating processes.,Core,Logistics Engineers,E1,E2,E2,False,T2,0.0,0.5,1.0,0.5,E1,13,Business and Financial Operations Occupations
1591,13-1081.01,15880.0,"Apply logistics modeling techniques to address issues, such as operational process improvement or facility design or layout.",Core,Logistics Engineers,E1,E2,E2,False,T2,0.0,0.5,1.0,0.5,E1,13,Business and Financial Operations Occupations
1592,13-1081.01,15868.0,Prepare or validate documentation on automated logistics or maintenance-data reporting or management information systems.,Core,Logistics Engineers,E1,E1,E2,True,T3,1.0,1.0,1.0,0.75,E1,13,Business and Financial Operations Occupations
1593,13-1081.01,20003.0,"Create models or scenarios to predict the impact of changing circumstances, such as fuel costs, road pricing, energy taxes, or carbon emissions legislation.",Core,Logistics Engineers,E1,E2,E2,True,T2,0.0,0.5,1.0,0.5,E1,13,Business and Financial Operations Occupations
1594,13-1081.01,20006.0,Provide logistical facility or capacity planning analyses for distribution or transportation functions.,Core,Logistics Engineers,E1,E2,E2,True,T2,0.0,0.5,1.0,0.5,E1,13,Business and Financial Operations Occupations
1597,13-1081.01,20000.0,Design comprehensive supply chains that minimize environmental impacts or costs.,Core,Logistics Engineers,E1,E2,E2,True,T2,0.0,0.5,1.0,0.5,E1,13,Business and Financial Operations Occupations
1599,13-1081.01,20004.0,"Review global, national, or regional transportation or logistics reports for ways to improve efficiency or minimize the environmental impact of logistics activities.",Core,Logistics Engineers,E1,E2,E2,False,T2,0.0,0.5,1.0,0.5,E1,13,Business and Financial Operations Occupations
1602,13-1081.01,20002.0,"Conduct environmental audits for logistics activities, such as storage, distribution, or transportation.",Supplemental,Logistics Engineers,E1,E2,E2,False,T1,0.0,0.5,1.0,0.25,E1,13,Business and Financial Operations Occupations
1605,13-1081.02,15898.0,Maintain databases of logistics information.,Core,Logistics Analysts,E1,E2,E1,True,T3,0.0,0.5,1.0,0.75,E1,13,Business and Financial Operations Occupations
1609,13-1081.02,15903.0,"Interpret data on logistics elements, such as availability, maintainability, reliability, supply chain management, strategic sourcing or distribution, supplier management, or transportation.",Core,Logistics Analysts,E1,E2,E2,True,T3,0.0,0.5,1.0,0.75,E1,13,Business and Financial Operations Occupations
1610,13-1081.02,15893.0,Recommend improvements to existing or planned logistics processes.,Core,Logistics Analysts,E1,E2,E2,True,T2,0.0,0.5,1.0,0.5,E1,13,Business and Financial Operations Occupations
1612,13-1081.02,15895.0,Prepare reports on logistics performance measures.,Core,Logistics Analysts,E1,E2,E2,False,T3,0.0,0.5,1.0,0.75,E1,13,Business and Financial Operations Occupations
1613,13-1081.02,15883.0,Enter logistics-related data into databases.,Core,Logistics Analysts,E1,E1,E1,True,T3,1.0,1.0,1.0,0.75,E1,13,Business and Financial Operations Occupations
1617,13-1081.02,15899.0,Maintain logistics records in accordance with corporate policies.,Core,Logistics Analysts,E1,E1,E1,False,T3,1.0,1.0,1.0,0.75,E1,13,Business and Financial Operations Occupations
1623,13-1081.02,15892.0,"Review procedures, such as distribution or inventory management, to ensure maximum efficiency or minimum cost.",Core,Logistics Analysts,E1,E2,E2,False,T3,0.0,0.5,1.0,0.75,E1,13,Business and Financial Operations Occupations
1624,13-1081.02,15900.0,"Develop or maintain models for logistics uses, such as cost estimating or demand forecasting.",Core,Logistics Analysts,E1,E2,E2,True,T3,0.0,0.5,1.0,0.75,E1,13,Business and Financial Operations Occupations
1626,13-1081.02,15891.0,Write or revise standard operating procedures for logistics processes.,Core,Logistics Analysts,E1,E1,E1,False,T3,1.0,1.0,1.0,0.75,E1,13,Business and Financial Operations Occupations
1632,13-1081.02,15885.0,Determine packaging requirements.,Supplemental,Logistics Analysts,E1,E2,E0,False,T1,0.0,0.5,1.0,0.25,E1,13,Business and Financial Operations Occupations
1633,13-1081.02,20014.0,Enter carbon-output or environmental-impact data into spreadsheets or environmental management or auditing software programs.,Supplemental,Logistics Analysts,E1,E1,E1,True,T3,1.0,1.0,1.0,0.75,E1,13,Business and Financial Operations Occupations
1635,13-1081.02,20012.0,Arrange for sale or lease of excess storage or transport capacity to minimize losses or inefficiencies associated with empty space.,Supplemental,Logistics Analysts,E1,E2,E2,False,T3,0.0,0.5,1.0,0.75,E1,13,Business and Financial Operations Occupations
1639,13-1082.00,21465.0,Create project status presentations for delivery to customers or project personnel.,,Project Management Specialists,E1,E2,E1,True,T3,0.0,0.5,1.0,0.75,E1,13,Business and Financial Operations Occupations
1649,13-1082.00,21475.0,Produce and distribute project documents.,,Project Management Specialists,E2,E1,E1,True,T3,1.0,1.0,1.0,0.75,E2,13,Business and Financial Operations Occupations
1655,13-1082.00,21481.0,"Submit project deliverables to clients, ensuring adherence to quality standards.",,Project Management Specialists,E2,E1,E1,False,T3,1.0,1.0,1.0,0.75,E2,13,Business and Financial Operations Occupations
1660,13-1111.00,7285.0,"Plan study of work problems and procedures, such as organizational change, communications, information flow, integrated production methods, inventory control, or cost analysis.",Core,Management Analysts,E1,E2,E2,False,T2,0.0,0.5,1.0,0.5,E1,13,Business and Financial Operations Occupations
1665,13-1111.00,7284.0,"Design, evaluate, recommend, and approve changes of forms and reports.",Core,Management Analysts,E1,E1,E2,False,T3,1.0,1.0,1.0,0.75,E1,13,Business and Financial Operations Occupations
1667,13-1121.00,1209.0,"Consult with customers to determine objectives and requirements for events, such as meetings, conferences, and conventions.",Core,"Meeting, Convention, and Event Planners",E1,E2,E2,False,T1,0.0,0.5,1.0,0.25,E1,13,Business and Financial Operations Occupations
1668,13-1121.00,1212.0,Review event bills for accuracy and approve payment.,Core,"Meeting, Convention, and Event Planners",E2,E1,E2,False,T3,1.0,1.0,1.0,0.75,E2,13,Business and Financial Operations Occupations
1673,13-1121.00,1217.0,"Maintain records of event aspects, including financial details.",Core,"Meeting, Convention, and Event Planners",E2,E1,E1,False,T3,1.0,1.0,1.0,0.75,E2,13,Business and Financial Operations Occupations
1684,13-1121.00,1229.0,Develop event topics and choose featured speakers.,Supplemental,"Meeting, Convention, and Event Planners",E1,E2,E2,False,T2,0.0,0.5,1.0,0.5,E1,13,Business and Financial Operations Occupations
1690,13-1131.00,18931.0,Write and send letters of thanks to donors.,Core,Fundraisers,E1,E1,E1,True,T3,1.0,1.0,1.0,0.75,E1,13,Business and Financial Operations Occupations
1692,13-1131.00,18907.0,Create or update donor databases.,Core,Fundraisers,E1,E2,E1,True,T3,0.0,0.5,1.0,0.75,E1,13,Business and Financial Operations Occupations
1693,13-1131.00,18912.0,Develop strategies to encourage new or increased contributions.,Core,Fundraisers,E1,E2,E2,False,T2,0.0,0.5,1.0,0.5,E1,13,Business and Financial Operations Occupations
1694,13-1131.00,18911.0,"Develop or implement fundraising activities, such as annual giving campaigns or direct mail programs.",Core,Fundraisers,E1,E2,E2,False,T2,0.0,0.5,1.0,0.5,E1,13,Business and Financial Operations Occupations
1695,13-1131.00,18925.0,Compile or develop materials to submit to granting or other funding organizations.,Core,Fundraisers,E1,E2,E2,True,T3,0.0,0.5,1.0,0.75,E1,13,Business and Financial Operations Occupations
1704,13-1131.00,18932.0,Write reports or prepare presentations to communicate fundraising program data.,Core,Fundraisers,E2,E1,E1,False,T3,1.0,1.0,1.0,0.75,E2,13,Business and Financial Operations Occupations
1705,13-1131.00,18916.0,Explain the tax advantages of contributions to potential donors.,Core,Fundraisers,E1,E1,E1,False,T3,1.0,1.0,1.0,0.75,E1,13,Business and Financial Operations Occupations
1707,13-1131.00,18924.0,"Write speeches, press releases, or other promotional materials to increase awareness of the causes, missions, or goals of organizations seeking funds.",Core,Fundraisers,E2,E1,E1,False,T3,1.0,1.0,1.0,0.75,E2,13,Business and Financial Operations Occupations
1712,13-1131.00,18909.0,"Develop corporate fundraising programs, such as employer gift-matching.",Supplemental,Fundraisers,E1,E2,E2,False,T2,0.0,0.5,1.0,0.5,E1,13,Business and Financial Operations Occupations
1718,13-1141.00,3356.0,"Prepare occupational classifications, job descriptions, and salary scales.",Core,"Compensation, Benefits, and Job Analysis Specialists",E1,E2,E2,False,T3,0.0,0.5,1.0,0.75,E1,13,Business and Financial Operations Occupations
1723,13-1141.00,3358.0,"Prepare reports, such as organization and flow charts and career path reports, to summarize job analysis and evaluation and compensation analysis information.",Core,"Compensation, Benefits, and Job Analysis Specialists",E1,E2,E2,False,T3,0.0,0.5,1.0,0.75,E1,13,Business and Financial Operations Occupations
1724,13-1141.00,3354.0,"Plan, develop, evaluate, improve, and communicate methods and techniques for selecting, promoting, compensating, evaluating, and training workers.",Core,"Compensation, Benefits, and Job Analysis Specialists",E1,E2,E2,False,T2,0.0,0.5,1.0,0.5,E1,13,Business and Financial Operations Occupations
1725,13-1141.00,3366.0,Assess need for and develop job analysis instruments and materials.,Core,"Compensation, Benefits, and Job Analysis Specialists",E1,E2,E2,False,T2,0.0,0.5,1.0,0.5,E1,13,Business and Financial Operations Occupations
1728,13-1141.00,3357.0,Assist in preparing and maintaining personnel records and handbooks.,Core,"Compensation, Benefits, and Job Analysis Specialists",E0,E1,E1,False,T3,1.0,1.0,1.0,0.75,E0,13,Business and Financial Operations Occupations
1729,13-1141.00,3364.0,"Analyze organizational, occupational, and industrial data to facilitate organizational functions and provide technical information to business, industry, and government.",Core,"Compensation, Benefits, and Job Analysis Specialists",E1,E2,E2,False,T2,0.0,0.5,1.0,0.5,E1,13,Business and Financial Operations Occupations
1732,13-1141.00,3361.0,"Develop, implement, administer, and evaluate personnel and labor relations programs, including performance appraisal, affirmative action, and employment equity programs.",Supplemental,"Compensation, Benefits, and Job Analysis Specialists",E1,E2,E2,False,T2,0.0,0.5,1.0,0.5,E1,13,Business and Financial Operations Occupations
1738,13-1141.00,3372.0,"Prepare research results for publication in form of journals, books, manuals, and film.",Supplemental,"Compensation, Benefits, and Job Analysis Specialists",E1,E1,E1,True,T3,1.0,1.0,1.0,0.75,E1,13,Business and Financial Operations Occupations
1740,13-1151.00,94.0,"Present information with a variety of instructional techniques or formats, such as role playing, simulations, team exercises, group discussions, videos, or lectures.",Core,Training and Development Specialists,E1,E2,E0,False,T1,0.0,0.5,1.0,0.25,E1,13,Business and Financial Operations Occupations
1741,13-1151.00,20475.0,"Obtain, organize, or develop training procedure manuals, guides, or course materials, such as handouts or visual materials.",Core,Training and Development Specialists,E1,E1,E2,False,T3,1.0,1.0,1.0,0.75,E1,13,Business and Financial Operations Occupations
1743,13-1151.00,97.0,Offer specific training programs to help workers maintain or improve job skills.,Core,Training and Development Specialists,E1,E2,E2,False,T2,0.0,0.5,1.0,0.5,E1,13,Business and Financial Operations Occupations
1746,13-1151.00,20474.0,"Design, plan, organize, or direct orientation and training programs for employees or customers.",Core,Training and Development Specialists,E1,E2,E2,False,T2,0.0,0.5,1.0,0.5,E1,13,Business and Financial Operations Occupations
1747,13-1151.00,102.0,Develop alternative training methods if expected improvements are not seen.,Core,Training and Development Specialists,E1,E2,E2,False,T1,0.0,0.5,1.0,0.25,E1,13,Business and Financial Operations Occupations
1748,13-1151.00,101.0,"Evaluate training materials prepared by instructors, such as outlines, text, or handouts.",Core,Training and Development Specialists,E1,E1,E1,False,T3,1.0,1.0,1.0,0.75,E1,13,Business and Financial Operations Occupations
1750,13-1151.00,106.0,Devise programs to develop executive potential among employees in lower-level positions.,Core,Training and Development Specialists,E1,E2,E2,False,T2,0.0,0.5,1.0,0.5,E1,13,Business and Financial Operations Occupations
1754,13-1151.00,105.0,Select and assign instructors to conduct training.,Core,Training and Development Specialists,E1,E2,E0,False,T2,0.0,0.5,1.0,0.5,E1,13,Business and Financial Operations Occupations
1760,13-1161.00,5434.0,"Prepare reports of findings, illustrating data graphically and translating complex findings into written text.",Core,Market Research Analysts and Marketing Specialists,E1,E2,E2,False,T3,0.0,0.5,1.0,0.75,E1,13,Business and Financial Operations Occupations
1764,13-1161.00,5443.0,"Devise and evaluate methods and procedures for collecting data, such as surveys, opinion polls, or questionnaires, or arrange to obtain existing data.",Core,Market Research Analysts and Marketing Specialists,E1,E2,E2,True,T3,0.0,0.5,1.0,0.75,E1,13,Business and Financial Operations Occupations
1772,13-1161.00,5444.0,Develop and implement procedures for identifying advertising needs.,Core,Market Research Analysts and Marketing Specialists,E1,E2,E2,False,T2,0.0,0.5,1.0,0.5,E1,13,Business and Financial Operations Occupations
1778,13-1161.01,20320.0,"Coordinate with developers to optimize Web site architecture, server configuration, or page construction for search engine consumption and optimal visibility.",Core,Search Marketing Strategists,E2,E1,E2,True,T2,1.0,1.0,1.0,0.5,E2,13,Business and Financial Operations Occupations
1781,13-1161.01,20321.0,Create content strategies for digital media.,Core,Search Marketing Strategists,E2,E1,E1,False,T2,1.0,1.0,1.0,0.5,E2,13,Business and Financial Operations Occupations
1799,13-1161.01,16184.0,"Develop transactional Web applications, using Web programming software and knowledge of programming languages, such as hypertext markup language (HTML) and extensible markup language (XML).",Supplemental,Search Marketing Strategists,E2,E1,E1,True,T3,1.0,1.0,1.0,0.75,E2,13,Business and Financial Operations Occupations
1800,13-1161.01,16183.0,"Identify and develop commercial or technical specifications, such as usability, pricing, checkout, or data security, to promote transactional internet-enabled commerce functionality.",Supplemental,Search Marketing Strategists,E1,E2,E2,False,T2,0.0,0.5,1.0,0.5,E1,13,Business and Financial Operations Occupations
1808,13-1161.01,16176.0,Identify methods for interfacing Web application technologies with enterprise resource planning or other system software.,Supplemental,Search Marketing Strategists,E2,E1,E2,True,T2,1.0,1.0,1.0,0.5,E2,13,Business and Financial Operations Occupations
1813,13-1199.04,15947.0,"Write reports to summarize testing activities, including descriptions of goals, planning, scheduling, execution, results, analysis, conclusions, and recommendations.",Core,Business Continuity Planners,E1,E1,E1,False,T3,1.0,1.0,1.0,0.75,E1,13,Business and Financial Operations Occupations
1815,13-1199.04,15963.0,Create scenarios to reestablish operations from various types of business disruptions.,Core,Business Continuity Planners,E1,E2,E2,False,T2,0.0,0.5,1.0,0.5,E1,13,Business and Financial Operations Occupations
1816,13-1199.04,15951.0,"Establish, maintain, or test call trees to ensure appropriate communication during disaster.",Core,Business Continuity Planners,E0,E1,E2,False,T3,1.0,1.0,1.0,0.75,E0,13,Business and Financial Operations Occupations
1819,13-1199.04,15949.0,Interpret government regulations and applicable codes to ensure compliance.,Core,Business Continuity Planners,E1,E2,E2,False,T2,0.0,0.5,1.0,0.5,E1,13,Business and Financial Operations Occupations
1820,13-1199.04,15954.0,Create or administer training and awareness presentations or materials.,Core,Business Continuity Planners,E2,E1,E1,False,T2,1.0,1.0,1.0,0.5,E2,13,Business and Financial Operations Occupations
1821,13-1199.04,15959.0,"Prepare reports summarizing operational results, financial performance, or accomplishments of specified objectives, goals, or plans.",Core,Business Continuity Planners,E1,E2,E2,True,T3,0.0,0.5,1.0,0.75,E1,13,Business and Financial Operations Occupations
1834,13-1199.05,15968.0,Review and revise sustainability proposals or policies.,Core,Sustainability Specialists,E1,E1,E2,True,T2,1.0,1.0,1.0,0.5,E1,13,Business and Financial Operations Occupations
1835,13-1199.05,15976.0,Develop reports or presentations to communicate the effectiveness of sustainability initiatives.,Core,Sustainability Specialists,E1,E2,E2,False,T3,0.0,0.5,1.0,0.75,E1,13,Business and Financial Operations Occupations
1836,13-1199.05,15975.0,Create or maintain plans or other documents related to sustainability projects.,Core,Sustainability Specialists,E2,E1,E1,False,T2,1.0,1.0,1.0,0.5,E2,13,Business and Financial Operations Occupations
1837,13-1199.05,15978.0,Collect information about waste stream management or green building practices to inform decision makers.,Core,Sustainability Specialists,E1,E2,E2,True,T2,0.0,0.5,1.0,0.5,E1,13,Business and Financial Operations Occupations
1838,13-1199.05,15969.0,"Research or review regulatory, technical, or market issues related to sustainability.",Core,Sustainability Specialists,E1,E2,E2,True,T2,0.0,0.5,1.0,0.5,E1,13,Business and Financial Operations Occupations
1840,13-1199.05,15971.0,Identify or create new sustainability indicators.,Core,Sustainability Specialists,E1,E2,E2,False,T2,0.0,0.5,1.0,0.5,E1,13,Business and Financial Operations Occupations
1843,13-1199.05,15972.0,"Write grant applications, rebate applications, or project proposals to secure funding for sustainability projects.",Core,Sustainability Specialists,E1,E1,E1,True,T3,1.0,1.0,1.0,0.75,E1,13,Business and Financial Operations Occupations
1846,13-1199.06,15710.0,"Create, manage, or automate orders or invoices, using order management or invoicing software.",Core,Online Merchants,E2,E1,E2,True,T3,1.0,1.0,1.0,0.75,E2,13,Business and Financial Operations Occupations
1847,13-1199.06,15709.0,Deliver e-mail confirmation of completed transactions and shipment.,Core,Online Merchants,E1,E1,E1,True,T4,1.0,1.0,1.0,1.0,E1,13,Business and Financial Operations Occupations
1848,13-1199.06,15728.0,"Correspond with online customers via electronic mail, telephone, or other electronic messaging to address questions or complaints about products, policies, or shipping methods.",Core,Online Merchants,E1,E2,E1,True,T3,0.0,0.5,1.0,0.75,E1,13,Business and Financial Operations Occupations
1851,13-1199.06,15730.0,"Calculate purchase subtotals, taxes, and shipping costs for submission to customers.",Core,Online Merchants,E2,E1,E0,True,T4,1.0,1.0,1.0,1.0,E2,13,Business and Financial Operations Occupations
1852,13-1199.06,15734.0,"Compose descriptions of merchandise for posting to online storefront, auction sites, or other shopping Web sites.",Core,Online Merchants,E2,E1,E1,True,T3,1.0,1.0,1.0,0.75,E2,13,Business and Financial Operations Occupations
1855,13-1199.06,15735.0,"Calculate revenue, sales, and expenses, using financial accounting or spreadsheet software.",Core,Online Merchants,E2,E1,E0,True,T3,1.0,1.0,1.0,0.75,E2,13,Business and Financial Operations Occupations
1856,13-1199.06,15714.0,Cancel orders based on customer requests or inventory or delivery problems.,Core,Online Merchants,E1,E2,E2,False,T3,0.0,0.5,1.0,0.75,E1,13,Business and Financial Operations Occupations
1857,13-1199.06,15732.0,"Prepare or organize online storefront marketing material, including product descriptions or subject lines, optimizing content to search engine criteria.",Core,Online Merchants,E2,E1,E1,True,T3,1.0,1.0,1.0,0.75,E2,13,Business and Financial Operations Occupations
1860,13-1199.06,15711.0,Create or maintain database of customer accounts.,Core,Online Merchants,E1,E1,E1,True,T3,1.0,1.0,1.0,0.75,E1,13,Business and Financial Operations Occupations
1861,13-1199.06,15717.0,"Promote products in online communities through weblog or discussion-forum postings, e-mail marketing programs, or online advertising.",Core,Online Merchants,E1,E2,E1,False,T3,0.0,0.5,1.0,0.75,E1,13,Business and Financial Operations Occupations
1862,13-1199.06,15713.0,Collaborate with search engine shopping specialists to place marketing content in desired online locations.,Core,Online Merchants,E1,E2,E2,True,T2,0.0,0.5,1.0,0.5,E1,13,Business and Financial Operations Occupations
1867,13-1199.06,15708.0,Disclose merchant information and terms and policies of transactions in online or offline materials.,Core,Online Merchants,E1,E1,E1,False,T3,1.0,1.0,1.0,0.75,E1,13,Business and Financial Operations Occupations
1868,13-1199.06,15727.0,"Design customer interface of online storefront, using web programming or e-commerce software.",Supplemental,Online Merchants,E2,E1,E2,True,T3,1.0,1.0,1.0,0.75,E2,13,Business and Financial Operations Occupations
1870,13-1199.06,15715.0,"Transfer digital media, such as music, video, or software, to customers via the Internet.",Supplemental,Online Merchants,E1,E1,E0,True,T4,1.0,1.0,1.0,1.0,E1,13,Business and Financial Operations Occupations
1871,13-1199.06,15724.0,"Devise, select, or purchase domain name and web address.",Supplemental,Online Merchants,E1,E1,E2,True,T3,1.0,1.0,1.0,0.75,E1,13,Business and Financial Operations Occupations
1872,13-1199.06,15722.0,Initiate online auctions through auction hosting sites or auction management software.,Supplemental,Online Merchants,E1,E1,E2,True,T3,1.0,1.0,1.0,0.75,E1,13,Business and Financial Operations Occupations
1873,13-1199.06,15723.0,"Implement security practices to preserve assets, minimize liabilities, or ensure customer privacy, using parallel servers, hardware redundancy, fail-safe technology, information encryption, or firewalls.",Supplemental,Online Merchants,E2,E1,E2,True,T2,1.0,1.0,1.0,0.5,E2,13,Business and Financial Operations Occupations
1876,13-1199.06,15706.0,Integrate online retailing strategy with physical or catalogue retailing operations.,Supplemental,Online Merchants,E1,E2,E2,True,T2,0.0,0.5,1.0,0.5,E1,13,Business and Financial Operations Occupations
1881,13-1199.07,21485.0,"Design security policies, programs, or practices to ensure adequate security relating to alarm response, access card use, and other security needs.",,Security Management Specialists,E1,E2,E2,False,T2,0.0,0.5,1.0,0.5,E1,13,Business and Financial Operations Occupations
1882,13-1199.07,21486.0,"Design, implement, or establish requirements for security systems, video surveillance, motion detection, or closed-circuit television systems to ensure proper installation and operation.",,Security Management Specialists,E1,E2,E0,False,T1,0.0,0.5,1.0,0.25,E1,13,Business and Financial Operations Occupations
1885,13-1199.07,21489.0,"Engineer, install, maintain, or repair security systems, programmable logic controls, or other security-related electronic systems.",,Security Management Specialists,E0,E1,E1,False,T0,1.0,1.0,1.0,0.0,E0,13,Business and Financial Operations Occupations
1888,13-1199.07,21492.0,"Interview witnesses or suspects to identify persons responsible for security breaches or to establish losses, pursue prosecutions, or obtain restitution.",,Security Management Specialists,E2,E1,E0,False,T1,1.0,1.0,1.0,0.25,E2,13,Business and Financial Operations Occupations
1893,13-1199.07,21497.0,Prepare documentation for case reports or court proceedings.,,Security Management Specialists,E2,E1,E1,True,T3,1.0,1.0,1.0,0.75,E2,13,Business and Financial Operations Occupations
1894,13-1199.07,21498.0,"Prepare, maintain, or update security procedures, security system drawings, or related documentation.",,Security Management Specialists,E1,E1,E1,False,T3,1.0,1.0,1.0,0.75,E1,13,Business and Financial Operations Occupations
1901,13-2011.00,21505.0,Prepare detailed reports on audit findings.,Core,Accountants and Auditors,E1,E1,E2,False,T3,1.0,1.0,1.0,0.75,E1,13,Business and Financial Operations Occupations
1902,13-2011.00,21506.0,"Report to management about asset utilization and audit results, and recommend changes in operations and financial activities.",Core,Accountants and Auditors,E1,E2,E0,False,T2,0.0,0.5,1.0,0.5,E1,13,Business and Financial Operations Occupations
1907,13-2011.00,21511.0,"Examine and evaluate financial and information systems, recommending controls to ensure system reliability and data integrity.",Core,Accountants and Auditors,E1,E2,E2,True,T2,0.0,0.5,1.0,0.5,E1,13,Business and Financial Operations Occupations
1909,13-2011.00,21513.0,Examine records and interview workers to ensure recording of transactions and compliance with laws and regulations.,Core,Accountants and Auditors,E1,E2,E2,False,T2,0.0,0.5,1.0,0.5,E1,13,Business and Financial Operations Occupations
1911,13-2011.00,21515.0,Prepare adjusting journal entries.,Core,Accountants and Auditors,E2,E1,E2,False,T3,1.0,1.0,1.0,0.75,E2,13,Business and Financial Operations Occupations
1913,13-2011.00,21517.0,Establish tables of accounts and assign entries to proper accounts.,Core,Accountants and Auditors,E1,E1,E0,False,T3,1.0,1.0,1.0,0.75,E1,13,Business and Financial Operations Occupations
1933,13-2022.00,21537.0,"Determine the appropriate type of valuation to make, such as fair market, replacement, or liquidation, based on the needs of the property owner.",,Appraisers of Personal and Business Property,E1,E1,E0,False,T2,1.0,1.0,1.0,0.5,E1,13,Business and Financial Operations Occupations
1934,13-2022.00,21538.0,"Document physical characteristics of property such as measurements, quality, and design.",,Appraisers of Personal and Business Property,E1,E2,E1,False,T1,0.0,0.5,1.0,0.25,E1,13,Business and Financial Operations Occupations
1935,13-2022.00,21539.0,Forecast the value of property.,,Appraisers of Personal and Business Property,E1,E2,E2,False,T3,0.0,0.5,1.0,0.75,E1,13,Business and Financial Operations Occupations
1943,13-2022.00,21547.0,"Write and submit appraisal reports for property, such as jewelry, art, antiques, collectibles, and equipment.",,Appraisers of Personal and Business Property,E1,E2,E0,True,T2,0.0,0.5,1.0,0.5,E1,13,Business and Financial Operations Occupations
1944,13-2022.00,21548.0,Write descriptions of the property being appraised.,,Appraisers of Personal and Business Property,E1,E1,E0,True,T3,1.0,1.0,1.0,0.75,E1,13,Business and Financial Operations Occupations
1945,13-2023.00,21549.0,"Compute final estimation of property values, taking into account such factors as depreciation, replacement costs, value comparisons of similar properties, and income potential.",Core,Appraisers and Assessors of Real Estate,E1,E2,E2,False,T3,0.0,0.5,1.0,0.75,E1,13,Business and Financial Operations Occupations
1949,13-2023.00,21553.0,"Prepare and maintain current data on each parcel assessed, including maps of boundaries, inventories of land and structures, property characteristics, and any applicable exemptions.",Core,Appraisers and Assessors of Real Estate,E1,E2,E2,False,T2,0.0,0.5,1.0,0.5,E1,13,Business and Financial Operations Occupations
1950,13-2023.00,21554.0,Explain assessed values to property owners and defend appealed assessments at public hearings.,Core,Appraisers and Assessors of Real Estate,E1,E2,E2,False,T1,0.0,0.5,1.0,0.25,E1,13,Business and Financial Operations Occupations
1955,13-2023.00,21559.0,Explain real and personal property taxes to property owners.,Core,Appraisers and Assessors of Real Estate,E1,E2,E0,False,T2,0.0,0.5,1.0,0.5,E1,13,Business and Financial Operations Occupations
1968,13-2023.00,21572.0,"Estimate building replacement costs, using building valuation manuals and professional cost estimators.",Core,Appraisers and Assessors of Real Estate,E1,E2,E0,False,T2,0.0,0.5,1.0,0.5,E1,13,Business and Financial Operations Occupations
1971,13-2023.00,21575.0,Calculate tax bills for properties by multiplying assessed values by jurisdiction tax rates.,Supplemental,Appraisers and Assessors of Real Estate,E1,E1,E0,False,T4,1.0,1.0,1.0,1.0,E1,13,Business and Financial Operations Occupations
1975,13-2031.00,3399.0,Summarize budgets and submit recommendations for the approval or disapproval of funds requests.,Core,Budget Analysts,E1,E2,E2,False,T3,0.0,0.5,1.0,0.75,E1,13,Business and Financial Operations Occupations
1978,13-2031.00,3395.0,Direct the preparation of regular and special budget reports.,Core,Budget Analysts,E1,E2,E2,False,T3,0.0,0.5,1.0,0.75,E1,13,Business and Financial Operations Occupations
1979,13-2031.00,3398.0,"Provide advice and technical assistance with cost analysis, fiscal allocation, and budget preparation.",Core,Budget Analysts,E1,E2,E2,False,T2,0.0,0.5,1.0,0.5,E1,13,Business and Financial Operations Occupations
1982,13-2031.00,3404.0,Interpret budget directives and establish policies for carrying out directives.,Core,Budget Analysts,E1,E1,E2,False,T2,1.0,1.0,1.0,0.5,E1,13,Business and Financial Operations Occupations
1989,13-2041.00,1254.0,"Complete loan applications, including credit analyses and summaries of loan requests, and submit to loan committees for approval.",Core,Credit Analysts,E1,E2,E2,False,T3,0.0,0.5,1.0,0.75,E1,13,Business and Financial Operations Occupations
1990,13-2041.00,1255.0,"Generate financial ratios, using computer programs, to evaluate customers' financial status.",Core,Credit Analysts,E2,E1,E2,True,T3,1.0,1.0,1.0,0.75,E2,13,Business and Financial Operations Occupations
1994,13-2041.00,1258.0,Consult with customers to resolve complaints and verify financial and credit transactions.,Core,Credit Analysts,E1,E2,E1,True,T2,0.0,0.5,1.0,0.5,E1,13,Business and Financial Operations Occupations
2004,13-2051.00,21584.0,Conduct financial analyses related to investments in green construction or green retrofitting projects.,,Financial and Investment Analysts,E1,E2,E2,False,T2,0.0,0.5,1.0,0.5,E1,13,Business and Financial Operations Occupations
2005,13-2051.00,21585.0,"Confer with clients to restructure debt, refinance debt, or raise new debt.",,Financial and Investment Analysts,E1,E2,E2,False,T2,0.0,0.5,1.0,0.5,E1,13,Business and Financial Operations Occupations
2010,13-2051.00,21590.0,Employ financial models to develop solutions to financial problems or to assess the financial or capital impact of transactions.,,Financial and Investment Analysts,E1,E2,E2,False,T3,0.0,0.5,1.0,0.75,E1,13,Business and Financial Operations Occupations
2018,13-2051.00,21598.0,Prepare all materials for transactions or execution of deals.,,Financial and Investment Analysts,E1,E2,E2,False,T3,0.0,0.5,1.0,0.75,E1,13,Business and Financial Operations Occupations
2026,13-2052.00,20182.0,"Recommend to clients strategies in cash management, insurance coverage, investment planning, or other areas to help them achieve their financial goals.",Core,Personal Financial Advisors,E1,E2,E2,False,T2,0.0,0.5,1.0,0.5,E1,13,Business and Financial Operations Occupations
2030,13-2052.00,12905.0,Answer clients' questions about the purposes and details of financial plans and strategies.,Core,Personal Financial Advisors,E1,E2,E2,True,T3,0.0,0.5,1.0,0.75,E1,13,Business and Financial Operations Occupations
2032,13-2052.00,12915.0,Contact clients periodically to determine any changes in their financial status.,Core,Personal Financial Advisors,E1,E2,E1,True,T3,0.0,0.5,1.0,0.75,E1,13,Business and Financial Operations Occupations
2034,13-2052.00,20186.0,Explain to clients the personal financial advisor's responsibilities and the types of services to be provided.,Core,Personal Financial Advisors,E1,E1,E1,True,T2,1.0,1.0,1.0,0.5,E1,13,Business and Financial Operations Occupations
2036,13-2052.00,12913.0,"Prepare or interpret for clients information, such as investment performance reports, financial document summaries, or income projections.",Core,Personal Financial Advisors,E1,E2,E2,True,T3,0.0,0.5,1.0,0.75,E1,13,Business and Financial Operations Occupations
2038,13-2052.00,12914.0,"Guide clients in the gathering of information, such as bank account records, income tax returns, life and disability insurance records, pension plans, or wills.",Core,Personal Financial Advisors,E1,E2,E2,True,T2,0.0,0.5,1.0,0.5,E1,13,Business and Financial Operations Occupations
2043,13-2052.00,19571.0,"Recommend environmentally responsible investments, such as cleantech, alternative energy, or conservation technologies, companies, or funds.",Supplemental,Personal Financial Advisors,E1,E2,E2,False,T3,0.0,0.5,1.0,0.75,E1,13,Business and Financial Operations Occupations
2044,13-2052.00,19570.0,"Inform clients about tax benefits, government rebates, or other financial benefits of alternative-fuel vehicle purchases or energy-efficient home construction, improvements, or remodeling.",Supplemental,Personal Financial Advisors,E1,E2,E2,False,T3,0.0,0.5,1.0,0.75,E1,13,Business and Financial Operations Occupations
2045,13-2052.00,12919.0,"Conduct seminars or workshops on financial planning topics, such as retirement planning, estate planning, or the evaluation of severance packages.",Supplemental,Personal Financial Advisors,E1,E2,E0,False,T1,0.0,0.5,1.0,0.25,E1,13,Business and Financial Operations Occupations
2048,13-2053.00,1262.0,"Write to field representatives, medical personnel, or others to obtain further information, quote rates, or explain company underwriting policies.",Core,Insurance Underwriters,E1,E1,E1,True,T3,1.0,1.0,1.0,0.75,E1,13,Business and Financial Operations Occupations
2054,13-2054.00,21606.0,Analyze new legislation to determine impact on risk exposure.,,Financial Risk Specialists,E1,E2,E2,True,T2,0.0,0.5,1.0,0.5,E1,13,Business and Financial Operations Occupations
2061,13-2054.00,21613.0,Develop or implement risk-assessment models or methodologies.,,Financial Risk Specialists,E1,E2,E2,False,T2,0.0,0.5,1.0,0.5,E1,13,Business and Financial Operations Occupations
2065,13-2054.00,21617.0,"Draw charts and graphs, using computer spreadsheets, to illustrate technical reports.",,Financial Risk Specialists,E2,E1,E2,False,T3,1.0,1.0,1.0,0.75,E2,13,Business and Financial Operations Occupations
2066,13-2054.00,21618.0,Evaluate and compare the relative quality of various securities in a given industry.,,Financial Risk Specialists,E1,E2,E2,False,T3,0.0,0.5,1.0,0.75,E1,13,Business and Financial Operations Occupations
2073,13-2054.00,21625.0,Maintain input or data quality of risk management systems.,,Financial Risk Specialists,E1,E2,E2,False,T3,0.0,0.5,1.0,0.75,E1,13,Business and Financial Operations Occupations
2074,13-2054.00,21626.0,"Meet with clients to answer queries on subjects such as risk exposure, market scenarios, or values-at-risk calculations.",,Financial Risk Specialists,E1,E2,E2,False,T2,0.0,0.5,1.0,0.5,E1,13,Business and Financial Operations Occupations
2078,13-2054.00,21630.0,Provide statistical modeling advice to other departments.,,Financial Risk Specialists,E1,E2,E2,True,T2,0.0,0.5,1.0,0.5,E1,13,Business and Financial Operations Occupations
2081,13-2054.00,21633.0,Review or draft risk disclosures for offer documents.,,Financial Risk Specialists,E1,E1,E2,True,T3,1.0,1.0,1.0,0.75,E1,13,Business and Financial Operations Occupations
2084,13-2061.00,7317.0,"Recommend actions to ensure compliance with laws and regulations, or to protect solvency of institutions.",Core,Financial Examiners,E1,E2,E2,False,T2,0.0,0.5,1.0,0.5,E1,13,Business and Financial Operations Occupations
2085,13-2061.00,7319.0,"Prepare reports, exhibits, and other supporting schedules that detail an institution's safety and soundness, compliance with laws and regulations, and recommended solutions to questionable financial conditions.",Core,Financial Examiners,E1,E2,E2,False,T2,0.0,0.5,1.0,0.5,E1,13,Business and Financial Operations Occupations
2092,13-2061.00,7322.0,Train other examiners in the financial examination process.,Core,Financial Examiners,E1,E1,E2,False,T1,1.0,1.0,1.0,0.25,E1,13,Business and Financial Operations Occupations
2093,13-2061.00,7323.0,Establish guidelines for procedures and policies that comply with new and revised regulations and direct their implementation.,Core,Financial Examiners,E1,E2,E2,False,T2,0.0,0.5,1.0,0.5,E1,13,Business and Financial Operations Occupations
2094,13-2061.00,7315.0,"Review and analyze new, proposed, or revised laws, regulations, policies, and procedures to interpret their meaning and determine their impact.",Core,Financial Examiners,E1,E2,E2,True,T2,0.0,0.5,1.0,0.5,E1,13,Business and Financial Operations Occupations
2100,13-2071.00,18935.0,Calculate clients' available monthly income to meet debt obligations.,Core,Credit Counselors,E2,E1,E2,False,T3,1.0,1.0,1.0,0.75,E2,13,Business and Financial Operations Occupations
2101,13-2071.00,18938.0,"Explain services or policies to clients, such as debt management program rules, advantages and disadvantages of using services, or creditor concession policies.",Core,Credit Counselors,E1,E1,E2,True,T2,1.0,1.0,1.0,0.5,E1,13,Business and Financial Operations Occupations
2106,13-2071.00,18952.0,"Explain general financial topics to clients, such as credit report ratings, bankruptcy laws, consumer protection laws, wage attachments, or collection actions.",Core,Credit Counselors,E1,E1,E2,True,T3,1.0,1.0,1.0,0.75,E1,13,Business and Financial Operations Occupations
2108,13-2071.00,18937.0,"Estimate time for debt repayment, given amount of debt, interest rates, and available funds.",Core,Credit Counselors,E2,E1,E2,False,T3,1.0,1.0,1.0,0.75,E2,13,Business and Financial Operations Occupations
2109,13-2071.00,18942.0,Prepare written documents to establish contracts with or communicate financial recommendations to clients.,Core,Credit Counselors,E1,E1,E1,False,T3,1.0,1.0,1.0,0.75,E1,13,Business and Financial Operations Occupations
2111,13-2071.00,18941.0,"Negotiate with creditors on behalf of clients to arrange for payment adjustments, interest rate reductions, time extensions, or payment plans.",Core,Credit Counselors,E1,E2,E1,False,T2,0.0,0.5,1.0,0.5,E1,13,Business and Financial Operations Occupations
2112,13-2071.00,18948.0,"Advise clients on housing matters, such as housing rental, homeownership, mortgage delinquency, or foreclosure prevention.",Core,Credit Counselors,E1,E2,E2,True,T2,0.0,0.5,1.0,0.5,E1,13,Business and Financial Operations Occupations
2114,13-2071.00,18933.0,"Advise clients or respond to inquiries about financial matters in person or via phone, email, Web site, or Internet chat.",Core,Credit Counselors,E1,E2,E1,True,T3,0.0,0.5,1.0,0.75,E1,13,Business and Financial Operations Occupations
2116,13-2071.00,18944.0,"Recommend educational materials or resources to clients on matters, such as financial planning, budgeting, or credit.",Core,Credit Counselors,E1,E2,E2,True,T3,0.0,0.5,1.0,0.75,E1,13,Business and Financial Operations Occupations
2117,13-2071.00,18946.0,Refer clients to social service or community resources for needs beyond those of credit or debt counseling.,Core,Credit Counselors,E1,E2,E2,False,T1,0.0,0.5,1.0,0.25,E1,13,Business and Financial Operations Occupations
2118,13-2071.00,18953.0,"Explain loan information to clients, such as available loan types, eligibility requirements, or loan restrictions.",Core,Credit Counselors,E1,E1,E1,True,T3,1.0,1.0,1.0,0.75,E1,13,Business and Financial Operations Occupations
2119,13-2071.00,18955.0,"Teach courses or seminars on topics, such as budgeting, management of personal finances, or financial literacy.",Core,Credit Counselors,E1,E2,E2,True,T2,0.0,0.5,1.0,0.5,E1,13,Business and Financial Operations Occupations
2126,13-2072.00,3410.0,"Explain to customers the different types of loans and credit options that are available, as well as the terms of those services.",Core,Loan Officers,E1,E1,E2,True,T2,1.0,1.0,1.0,0.5,E1,13,Business and Financial Operations Occupations
2127,13-2072.00,3416.0,Submit applications to credit analysts for verification and recommendation.,Core,Loan Officers,E1,E2,E2,False,T3,0.0,0.5,1.0,0.75,E1,13,Business and Financial Operations Occupations
2128,13-2072.00,3413.0,Review loan agreements to ensure that they are complete and accurate according to policy.,Core,Loan Officers,E2,E1,E2,False,T3,1.0,1.0,1.0,0.75,E2,13,Business and Financial Operations Occupations
2132,13-2072.00,3417.0,Handle customer complaints and take appropriate action to resolve them.,Core,Loan Officers,E1,E2,E2,False,T2,0.0,0.5,1.0,0.5,E1,13,Business and Financial Operations Occupations
2134,13-2072.00,3421.0,"Market bank products to individuals and firms, promoting bank services that may meet customers' needs.",Core,Loan Officers,E1,E2,E2,False,T3,0.0,0.5,1.0,0.75,E1,13,Business and Financial Operations Occupations
2136,13-2072.00,3414.0,Compute payment schedules.,Core,Loan Officers,E2,E1,E0,True,T4,1.0,1.0,1.0,1.0,E2,13,Business and Financial Operations Occupations
2138,13-2072.00,3426.0,"Prepare reports to send to customers whose accounts are delinquent, and forward irreconcilable accounts for collector action.",Supplemental,Loan Officers,E2,E1,E1,False,T3,1.0,1.0,1.0,0.75,E2,13,Business and Financial Operations Occupations
2139,13-2072.00,3423.0,"Set credit policies, credit lines, procedures and standards in conjunction with senior managers.",Supplemental,Loan Officers,E1,E2,E2,False,T2,0.0,0.5,1.0,0.5,E1,13,Business and Financial Operations Occupations
2141,13-2072.00,21636.0,Authorize or sign mail collection letters.,,Loan Officers,E2,E1,E1,False,T3,1.0,1.0,1.0,0.75,E2,13,Business and Financial Operations Occupations
2144,13-2072.00,21639.0,Contact applicants or creditors to resolve questions about applications or to assist with completion of paperwork.,,Loan Officers,E1,E2,E1,True,T2,0.0,0.5,1.0,0.5,E1,13,Business and Financial Operations Occupations
2145,13-2072.00,21640.0,Contact borrowers with delinquent accounts to obtain payment in full or to negotiate repayment plans.,,Loan Officers,E1,E2,E1,False,T2,0.0,0.5,1.0,0.5,E1,13,Business and Financial Operations Occupations
2146,13-2072.00,21641.0,"Counsel clients on personal and family financial problems, such as excessive spending or borrowing of funds.",,Loan Officers,E1,E2,E2,False,T1,0.0,0.5,1.0,0.25,E1,13,Business and Financial Operations Occupations
2148,13-2072.00,21643.0,Inform individuals and groups about the financial assistance available to college or university students.,,Loan Officers,E1,E2,E1,False,T3,0.0,0.5,1.0,0.75,E1,13,Business and Financial Operations Occupations
2149,13-2072.00,21644.0,"Maintain and review account records, updating and recategorizing them according to status changes.",,Loan Officers,E1,E2,E1,False,T3,0.0,0.5,1.0,0.75,E1,13,Business and Financial Operations Occupations
2150,13-2072.00,21645.0,Match individuals' needs and eligibility with available financial aid programs to provide informed recommendations.,,Loan Officers,E1,E2,E2,False,T3,0.0,0.5,1.0,0.75,E1,13,Business and Financial Operations Occupations
2152,13-2072.00,21647.0,Review billing for accuracy.,,Loan Officers,E2,E1,E2,False,T3,1.0,1.0,1.0,0.75,E2,13,Business and Financial Operations Occupations
2153,13-2081.00,5293.0,Send notices to taxpayers when accounts are delinquent.,Core,"Tax Examiners and Collectors, and Revenue Agents",E1,E1,E1,False,T4,1.0,1.0,1.0,1.0,E1,13,Business and Financial Operations Occupations
2154,13-2081.00,5291.0,"Confer with taxpayers or their representatives to discuss the issues, laws, and regulations involved in returns, and to resolve problems with returns.",Core,"Tax Examiners and Collectors, and Revenue Agents",E1,E2,E0,False,T1,0.0,0.5,1.0,0.25,E1,13,Business and Financial Operations Occupations
2155,13-2081.00,5294.0,"Notify taxpayers of any overpayment or underpayment, and either issue a refund or request further payment.",Core,"Tax Examiners and Collectors, and Revenue Agents",E1,E2,E2,False,T3,0.0,0.5,1.0,0.75,E1,13,Business and Financial Operations Occupations
2156,13-2081.00,5290.0,"Maintain records for each case, including contacts, telephone numbers, and actions taken.",Core,"Tax Examiners and Collectors, and Revenue Agents",E2,E1,E1,False,T3,1.0,1.0,1.0,0.75,E2,13,Business and Financial Operations Occupations
2157,13-2081.00,5292.0,Contact taxpayers by mail or telephone to address discrepancies and to request supporting documentation.,Core,"Tax Examiners and Collectors, and Revenue Agents",E1,E2,E1,False,T3,0.0,0.5,1.0,0.75,E1,13,Business and Financial Operations Occupations
2158,13-2081.00,20016.0,Answer questions from taxpayers and assist them in completing tax forms.,Core,"Tax Examiners and Collectors, and Revenue Agents",E1,E2,E2,False,T3,0.0,0.5,1.0,0.75,E1,13,Business and Financial Operations Occupations
2161,13-2081.00,5302.0,"Check tax forms to verify that names and taxpayer identification numbers are correct, that computations have been performed correctly, or that amounts match those on supporting documentation.",Supplemental,"Tax Examiners and Collectors, and Revenue Agents",E2,E1,E2,True,T3,1.0,1.0,1.0,0.75,E2,13,Business and Financial Operations Occupations
2163,13-2081.00,5301.0,Impose payment deadlines on delinquent taxpayers and monitor payments to ensure that deadlines are met.,Supplemental,"Tax Examiners and Collectors, and Revenue Agents",E1,E2,E2,True,T3,0.0,0.5,1.0,0.75,E1,13,Business and Financial Operations Occupations
2174,13-2081.00,5307.0,Prepare briefs and assist in searching and seizing records to prepare charges and documentation for court cases.,Supplemental,"Tax Examiners and Collectors, and Revenue Agents",E1,E2,E2,False,T2,0.0,0.5,1.0,0.5,E1,13,Business and Financial Operations Occupations
2175,13-2081.00,5298.0,Enter tax return information into computers for processing.,Supplemental,"Tax Examiners and Collectors, and Revenue Agents",E1,E1,E1,False,T4,1.0,1.0,1.0,1.0,E1,13,Business and Financial Operations Occupations
2177,13-2081.00,5311.0,"Install systems of recording costs or other financial and budgetary data or provide advice on such systems, based on examination of current financial records.",Supplemental,"Tax Examiners and Collectors, and Revenue Agents",E1,E2,E2,True,T2,0.0,0.5,1.0,0.5,E1,13,Business and Financial Operations Occupations
2179,13-2082.00,7358.0,"Compute taxes owed or overpaid, using adding machines or personal computers, and complete entries on forms, following tax form instructions and tax tables.",Core,Tax Preparers,E2,E1,E2,False,T3,1.0,1.0,1.0,0.75,E2,13,Business and Financial Operations Occupations
2183,13-2082.00,7366.0,"Check data input or verify totals on forms prepared by others to detect errors in arithmetic, data entry, or procedures.",Core,Tax Preparers,E2,E1,E2,False,T3,1.0,1.0,1.0,0.75,E2,13,Business and Financial Operations Occupations
2184,13-2082.00,7363.0,Furnish taxpayers with sufficient information and advice to ensure correct tax form completion.,Core,Tax Preparers,E1,E2,E2,False,T3,0.0,0.5,1.0,0.75,E1,13,Business and Financial Operations Occupations
2186,13-2082.00,20364.0,Explain federal and state tax laws to individuals and companies.,Core,Tax Preparers,E1,E2,E2,False,T3,0.0,0.5,1.0,0.75,E1,13,Business and Financial Operations Occupations
2187,13-2082.00,20363.0,Answer questions and provide future tax planning to clients.,Core,Tax Preparers,E1,E2,E2,False,T2,0.0,0.5,1.0,0.5,E1,13,Business and Financial Operations Occupations
2188,13-2082.00,7365.0,Calculate form preparation fees according to return complexity and processing time required.,Core,Tax Preparers,E2,E1,E2,True,T3,1.0,1.0,1.0,0.75,E2,13,Business and Financial Operations Occupations
2190,13-2099.01,15990.0,"Develop core analytical capabilities or model libraries, using advanced statistical, quantitative, or econometric techniques.",Core,Financial Quantitative Analysts,E1,E1,E2,True,T2,1.0,1.0,1.0,0.5,E1,13,Business and Financial Operations Occupations
2191,13-2099.01,15983.0,Provide application or analytical support to researchers or traders on issues such as valuations or data.,Core,Financial Quantitative Analysts,E1,E2,E2,False,T3,0.0,0.5,1.0,0.75,E1,13,Business and Financial Operations Occupations
2193,13-2099.01,15987.0,Maintain or modify all financial analytic models in use.,Core,Financial Quantitative Analysts,E1,E1,E2,True,T3,1.0,1.0,1.0,0.75,E1,13,Business and Financial Operations Occupations
2194,13-2099.01,15997.0,"Apply mathematical or statistical techniques to address practical issues in finance, such as derivative valuation, securities trading, risk management, or financial market regulation.",Core,Financial Quantitative Analysts,E1,E1,E2,True,T3,1.0,1.0,1.0,0.75,E1,13,Business and Financial Operations Occupations
2196,13-2099.01,15996.0,Devise or apply independent models or tools to help verify results of analytical systems.,Core,Financial Quantitative Analysts,E1,E1,E2,False,T2,1.0,1.0,1.0,0.5,E1,13,Business and Financial Operations Occupations
2197,13-2099.01,15991.0,Define or recommend model specifications or data collection methods.,Core,Financial Quantitative Analysts,E1,E2,E2,True,T2,0.0,0.5,1.0,0.5,E1,13,Business and Financial Operations Occupations
2201,13-2099.01,15988.0,Produce written summary reports of financial research results.,Core,Financial Quantitative Analysts,E2,E1,E2,True,T3,1.0,1.0,1.0,0.75,E2,13,Business and Financial Operations Occupations
2204,13-2099.01,15982.0,Prepare requirements documentation for use by software developers.,Core,Financial Quantitative Analysts,E2,E1,E1,True,T3,1.0,1.0,1.0,0.75,E2,13,Business and Financial Operations Occupations
2205,13-2099.01,15985.0,"Collaborate in the development or testing of new analytical software to ensure compliance with user requirements, specifications, or scope.",Core,Financial Quantitative Analysts,E2,E1,E2,True,T2,1.0,1.0,1.0,0.5,E2,13,Business and Financial Operations Occupations
2211,13-2099.04,16053.0,Document all investigative activities.,Core,"Fraud Examiners, Investigators and Analysts",E2,E1,E1,False,T3,1.0,1.0,1.0,0.75,E2,13,Business and Financial Operations Occupations
2212,13-2099.04,16046.0,Prepare written reports of investigation findings.,Core,"Fraud Examiners, Investigators and Analysts",E1,E1,E1,False,T3,1.0,1.0,1.0,0.75,E1,13,Business and Financial Operations Occupations
2215,13-2099.04,16049.0,Interview witnesses or suspects and take statements.,Core,"Fraud Examiners, Investigators and Analysts",E1,E2,E0,False,T1,0.0,0.5,1.0,0.25,E1,13,Business and Financial Operations Occupations
2224,13-2099.04,16054.0,"Create and maintain logs, records, or databases of information about fraudulent activity.",Core,"Fraud Examiners, Investigators and Analysts",E1,E2,E1,True,T3,0.0,0.5,1.0,0.75,E1,13,Business and Financial Operations Occupations
2228,13-2099.04,16036.0,Train others in fraud detection and prevention techniques.,Core,"Fraud Examiners, Investigators and Analysts",E1,E2,E2,False,T2,0.0,0.5,1.0,0.5,E1,13,Business and Financial Operations Occupations
